contig,element,orientation,start,end,hit_count,coverage_ratio,std_dev
chrY,DYZ18_Yq,+,27983448,28258700,126,0.0,80988.38184812437
chrY,DYZ1_Yq,-,28426233,29137785,208,0.9985904071797884,5.467634472214085
chrY,DYZ2_Yq,PossibleInversion,29137739,29171530,11,0.0,10062.082657680765
chrY,DYZ1_Yq,+,29171486,29619407,141,0.995130848674546,7.2597401145366245
chrY,DYZ2_Yq,-,29619359,29668699,19,0.0,14084.039821420487
chrY,DYZ1_Yq,-,29678354,29798881,35,0.9917114695340502,0.0
chrY,DYZ2_Yq,+,29802835,29824619,7,0.0,6165.8111929142515
chrY,DYZ1_Yq,-,29835306,31393319,487,0.992914697814012,5.13422645505713
chrY,DYZ2_Yq,+,31393267,31573747,16,0.0,70941.83428584292
chrY,DYZ1_Yq,-,31604918,31942210,98,0.9931898972110301,4.794933912075455
chrY,DYZ2_Yq,+,31942160,32058497,34,0.0,35653.18168199841
chrY,DYZ1_Yq,-,32058448,32581342,152,0.997645798869754,3.169564374999559
chrY,DYZ2_Yq,+,32581291,32759432,41,0.0,51060.053210802675
chrY,DYZ1_Yq,-,32812353,33437923,182,0.9990089054639681,6.942239026567237
chrY,DYZ2_Yq,+,33437873,33533784,26,0.0,26948.566467075758
chrY,DYZ1_Yq,-,33541892,34351035,238,0.9925279060340311,3.9123822706605624
chrY,DYZ2_Yq,+,34350983,34691060,86,0.0,88055.35189379423
chrY,DYZ1_Yq,-,34707711,35091526,111,0.9972330491693937,3.537800596112115
chrY,DYZ2_Yq,+,35091474,35279412,48,0.0,59594.201188250954
chrY,DYZ1_Yq,-,35304486,35792232,141,0.997763184601853,4.565280463923953
chrY,DYZ2_Yq,+,35792182,36422608,169,0.0,166328.27342233408
chrY,DYZ1_Yq,-,36485182,36799000,92,0.9993499437573888,3.4021594682225755
chrY,DYZ2_Yq,+,36798948,36894875,19,0.0,33418.84083958821
chrY,DYZ1_Yq,-,36928464,37320314,114,0.9969401634805066,3.2805012519810686
chrY,DYZ2_Yq,+,37320264,37384757,8,0.0,28218.674978655898
chrY,DYZ1_Yq,-,37416260,37690855,78,1.0,3.170108322575036
chrY,DYZ2_Yq,+,37690802,37936696,44,0.0,82904.25318272779
chrY,DYZ1_Yq,-,37958180,38488281,153,1.0,3.9328185796715083
chrY,DYZ2_Yq,+,38488231,39366705,166,0.0,267072.97062828526
chrY,DYZ1_Yq,-,39372392,40593087,352,0.9970910038207711,3.000206971699911
chrY,DYZ2_Yq,+,40593034,40976820,80,0.0,111383.620658044
chrY,DYZ1_Yq,-,40996033,41355585,102,1.0,4.356435643564357
chrY,DYZ2_Yq,+,41355535,41519179,38,0.0,57376.895642183066
chrY,DYZ1_Yq,-,41540667,42074712,153,1.0,3.1678297664746573
chrY,DYZ2_Yq,+,42074662,42601338,121,0.0,166604.3000205208
chrY,DYZ1_Yq,-,42608311,42851370,73,0.9974779889739159,4.188254262271108
chrY,DYZ2_Yq,+,42851317,43363080,62,0.0,152235.6102764722
chrY,DYZ1_Yq,-,43371187,44535924,340,0.9946777730270671,3.5246454362668946
chrY,DYZ2_Yq,+,44535870,44830098,72,0.0,93976.11704023702
chrY,DYZ1_Yq,-,44866252,45200914,95,1.0,5.437377556730071
chrY,DYZ2_Yq,+,45200862,45362113,33,0.0,57619.54614618874
chrY,DYZ1_Yq,-,45386023,45965928,167,1.0,3.7100805036536917
chrY,DYZ2_Yq,+,45965878,46818481,172,0.0,268207.13717572956
chrY,DYZ1_Yq,-,46818433,47074239,78,0.997204924024753,4.547123997689377
chrY,DYZ2_Yq,+,47074186,47456280,58,0.0,123166.71545878332
chrY,DYZ1_Yq,-,47456227,47757355,90,0.9961245844804054,5.672610758199318
chrY,DYZ2_Yq,+,47759229,47959944,50,0.0,66675.67105716883
chrY,DYZ1_Yq,-,47971755,48533264,161,0.9982226496411462,4.866334445709625
chrY,DYZ2_Yq,+,48533212,49125605,123,0.0,179392.95874720855
chrY,DYZ1_Yq,-,49125558,49782690,190,0.9974114829113742,4.060087308164371
chrY,DYZ2_Yq,+,49782636,50180943,86,0.0,118721.32603219569
chrY,DYZ1_Yq,-,50200157,50581033,108,1.0,6.446796443421765
chrY,DYZ2_Yq,+,50580983,50737383,37,0.0,54178.45255956679
chrY,DYZ1_Yq,-,50768547,51404469,183,1.0,4.06326389899312
chrY,DYZ2_Yq,+,51404419,51909326,110,0.0,159668.70758958536
chrY,DYZ1_Yq,-,51918719,52176121,77,0.9976185203746654,4.145300713523708
chrY,DYZ2_Yq,+,52176068,52661288,58,0.0,151187.23057833032
chrY,DYZ1_Yq,-,52666975,53894837,359,0.9943479036342002,5.308706801437003
chrY,DYZ2_Yq,+,53894783,54165758,78,0.0,81400.94767225982
chrY,DYZ1_Yq,-,54165711,54464925,85,1.0,5.748249758269616
chrY,DYZ2_Yq,+,54464875,54618868,40,0.0,52370.6290695215
chrY,DYZ1_Yq,-,54647612,55216738,164,1.0,3.9870787575720636
chrY,DYZ2_Yq,+,55216688,56037436,179,0.0,260953.73204521646
chrY,DYZ1_Yq,-,56037388,56278319,71,0.9978790696130029,3.8740634154513764
chrY,DYZ2_Yq,+,56278266,56631331,53,0.0,114872.07285459923
chrY,DYZ1_Yq,-,56631285,56950406,94,0.9971045556244947,5.307864961958601
chrY,DYZ2_Yq,+,56952277,57165056,63,0.0,68929.44873667219
chrY,DYZ1_Yq,-,57179285,57726041,158,0.9981399415096651,5.033604466171628
chrY,DYZ2_Yq,+,57725988,58250671,139,0.0,154117.85569431583
chrY,DYZ1_Yq,-,58250624,58806932,159,0.9989610090794864,3.7174695957709583
chrY,DYZ2_Yq,+,58806880,59396219,71,0.0,188164.9586699866
chrY,DYZ1_Yq,-,59406671,59577325,51,0.9901965954703935,6.330876716537767
chrY,DYZ2_Yq,+,59579197,59732507,35,0.0,47173.29169827476
chrY,DYZ1_Yq,-,59732461,60042625,96,0.9943739622459014,7.213514555594057
chrY,DYZ2_Yq,+,60042573,60503563,53,0.0,140796.97579205138
chrY,DYZ1_Yq,-,60504440,60618150,35,0.9898866424532368,8.413050086901057
chrY,DYZ2_Yq,+,60620028,60905244,55,0.0,91509.6219311059
chrY,DYZ1_Yq,-,60926735,61495436,166,0.9972533945722013,4.847613558076605
chrY,DYZ2_Yq,+,61495384,61911331,97,0.0,118962.92250390102
chrY,DYZ1_Yq,-,61911282,62499762,168,0.9991877392813022,3.8549389541756636
chrY,DYZ2_Yq,+,62499710,62511021,6,0.9880657708628006,6.8
chrY,DYZ1_Yq,-,62515755,62738862,67,0.9910267673055202,7.866774057258302
chrY,DYZ2_Yq,+,62738809,63282772,135,0.0,156502.48816304663
chrY,DYZ1_Yq,-,63282726,64290256,287,0.9988506557118342,2.7588121628439546
chrY,DYZ2_Yq,+,64290204,64919079,67,0.0,218315.6143753348
chrY,DYZ1_Yq,-,64919034,65207710,88,0.9933662882737454,5.942717709705662
chrY,DYZ2_Yq,+,65216827,65359518,33,0.0,36332.72937073877
chrY,DYZ1_Yq,-,65367647,65650780,87,0.995034153439714,5.764299594114493
chrY,DYZ2_Yq,+,65652652,66618724,233,0.0,287994.0763354128
chrY,DYZ1_Yq,-,66630532,67013187,112,0.9943082037129954,5.525512468975305
chrY,DYZ2_Yq,PossibleInversion,67014776,67125294,41,0.0,32129.44929153782
chrY,DYZ1_Yq,+,67125242,67381449,76,0.9985909885717854,4.384092456445993
chrY,DYZ2_Yq,-,67398088,67412603,6,0.9975888674565996,0.0
chrY,DYZ1_Yq,-,67454515,68047928,170,0.0,176946.05858624986
chrY,DYZ2_Yq,+,68051896,68068616,7,0.9974881885054722,0.0
